family,backend,dtype,dispatch_status,kernel_status,test_status,notes
activation,cpu,f64,silent,silent_noop,,
activation,cpu,f32,native,implemented,,
activation,cpu,f16,lut,implemented,,
activation,cpu,bf16,lut,implemented,,
activation,cpu,fp8e4m3,silent,silent_noop,,
activation,cpu,fp8e5m2,silent,silent_noop,,
activation,cpu,i64,silent,silent_noop,,
activation,cpu,i32,silent,silent_noop,,
activation,cpu,i16,silent,silent_noop,,
activation,cpu,i8,silent,silent_noop,,
activation,cpu,i4,silent,silent_noop,,
activation,cpu,u64,silent,silent_noop,,
activation,cpu,u32,silent,silent_noop,,
activation,cpu,u16,silent,silent_noop,,
activation,cpu,u8,silent,silent_noop,,
activation,cpu,bool,silent,silent_noop,,
activation,cpu,c64,silent,silent_noop,,
activation,cpu,c128,silent,silent_noop,,
activation,metal,f64,unavailable,host_unwired,,
activation,metal,f32,native,implemented,,
activation,metal,f16,native,implemented,,
activation,metal,bf16,native,implemented,,
activation,metal,fp8e4m3,unavailable,host_unwired,,
activation,metal,fp8e5m2,unavailable,host_unwired,,
activation,metal,i64,unavailable,host_unwired,,
activation,metal,i32,unavailable,host_unwired,,
activation,metal,i16,unavailable,host_unwired,,
activation,metal,i8,unavailable,host_unwired,,
activation,metal,i4,unavailable,host_unwired,,
activation,metal,u64,unavailable,host_unwired,,
activation,metal,u32,unavailable,host_unwired,,
activation,metal,u16,unavailable,host_unwired,,
activation,metal,u8,unavailable,host_unwired,,
activation,metal,bool,unavailable,host_unwired,,
activation,metal,c64,unavailable,host_unwired,,
activation,metal,c128,unavailable,host_unwired,,
activation,cuda,f64,native,implemented,,
activation,cuda,f32,native,implemented,,
activation,cuda,f16,native,implemented,,
activation,cuda,bf16,native,implemented,,
activation,cuda,fp8e4m3,native,implemented,,
activation,cuda,fp8e5m2,native,implemented,,
activation,cuda,i64,stub,stub,,
activation,cuda,i32,stub,stub,,
activation,cuda,i16,stub,stub,,
activation,cuda,i8,stub,stub,,
activation,cuda,i4,stub,stub,,
activation,cuda,u64,stub,stub,,
activation,cuda,u32,stub,stub,,
activation,cuda,u16,stub,stub,,
activation,cuda,u8,stub,stub,,
activation,cuda,bool,stub,stub,,
activation,cuda,c64,stub,stub,,
activation,cuda,c128,stub,stub,,
activation,xla,f64,lower,implemented,,
activation,xla,f32,lower,implemented,,
activation,xla,f16,lower,implemented,,
activation,xla,bf16,lower,implemented,,
activation,xla,fp8e4m3,lower,implemented,,
activation,xla,fp8e5m2,lower,implemented,,
activation,xla,i64,lower,implemented,,
activation,xla,i32,lower,implemented,,
activation,xla,i16,lower,implemented,,
activation,xla,i8,lower,implemented,,
activation,xla,i4,missing,missing,n/a,MapDType rejects dtype
activation,xla,u64,lower,implemented,,
activation,xla,u32,lower,implemented,,
activation,xla,u16,lower,implemented,,
activation,xla,u8,lower,implemented,,
activation,xla,bool,lower,implemented,,
activation,xla,c64,missing,missing,n/a,MapDType rejects dtype
activation,xla,c128,missing,missing,n/a,MapDType rejects dtype
elementwise,cpu,f64,panic,panic,,
elementwise,cpu,f32,native,implemented,,
elementwise,cpu,f16,native,implemented,,
elementwise,cpu,bf16,native,implemented,,
elementwise,cpu,fp8e4m3,panic,panic,,
elementwise,cpu,fp8e5m2,panic,panic,,
elementwise,cpu,i64,missing,missing,n/a,
elementwise,cpu,i32,missing,missing,n/a,
elementwise,cpu,i16,missing,missing,n/a,
elementwise,cpu,i8,missing,missing,n/a,
elementwise,cpu,i4,missing,missing,n/a,
elementwise,cpu,u64,missing,missing,n/a,
elementwise,cpu,u32,missing,missing,n/a,
elementwise,cpu,u16,missing,missing,n/a,
elementwise,cpu,u8,missing,missing,n/a,
elementwise,cpu,bool,missing,missing,n/a,
elementwise,cpu,c64,missing,missing,n/a,
elementwise,cpu,c128,missing,missing,n/a,
elementwise,metal,f64,unavailable,host_unwired,,
elementwise,metal,f32,native,implemented,,
elementwise,metal,f16,native,implemented,,
elementwise,metal,bf16,native,implemented,,
elementwise,metal,fp8e4m3,unavailable,host_unwired,,
elementwise,metal,fp8e5m2,unavailable,host_unwired,,
elementwise,metal,i64,unavailable,host_unwired,,
elementwise,metal,i32,unavailable,host_unwired,,
elementwise,metal,i16,unavailable,host_unwired,,
elementwise,metal,i8,unavailable,host_unwired,,
elementwise,metal,i4,unavailable,host_unwired,,
elementwise,metal,u64,unavailable,host_unwired,,
elementwise,metal,u32,unavailable,host_unwired,,
elementwise,metal,u16,unavailable,host_unwired,,
elementwise,metal,u8,unavailable,host_unwired,,
elementwise,metal,bool,unavailable,host_unwired,,
elementwise,metal,c64,unavailable,host_unwired,,
elementwise,metal,c128,unavailable,host_unwired,,
elementwise,cuda,f64,stub,stub,,
elementwise,cuda,f32,native,implemented,,
elementwise,cuda,f16,native,implemented,,
elementwise,cuda,bf16,native,implemented,,
elementwise,cuda,fp8e4m3,stub,stub,,
elementwise,cuda,fp8e5m2,stub,stub,,
elementwise,cuda,i64,stub,stub,,
elementwise,cuda,i32,stub,stub,,
elementwise,cuda,i16,stub,stub,,
elementwise,cuda,i8,stub,stub,,
elementwise,cuda,i4,stub,stub,,
elementwise,cuda,u64,stub,stub,,
elementwise,cuda,u32,stub,stub,,
elementwise,cuda,u16,stub,stub,,
elementwise,cuda,u8,stub,stub,,
elementwise,cuda,bool,stub,stub,,
elementwise,cuda,c64,stub,stub,,
elementwise,cuda,c128,stub,stub,,
elementwise,xla,f64,lower,implemented,,
elementwise,xla,f32,lower,implemented,,
elementwise,xla,f16,lower,implemented,,
elementwise,xla,bf16,lower,implemented,,
elementwise,xla,fp8e4m3,lower,implemented,,
elementwise,xla,fp8e5m2,lower,implemented,,
elementwise,xla,i64,lower,implemented,,
elementwise,xla,i32,lower,implemented,,
elementwise,xla,i16,lower,implemented,,
elementwise,xla,i8,lower,implemented,,
elementwise,xla,i4,missing,missing,n/a,MapDType rejects dtype
elementwise,xla,u64,lower,implemented,,
elementwise,xla,u32,lower,implemented,,
elementwise,xla,u16,lower,implemented,,
elementwise,xla,u8,lower,implemented,,
elementwise,xla,bool,lower,implemented,,
elementwise,xla,c64,missing,missing,n/a,MapDType rejects dtype
elementwise,xla,c128,missing,missing,n/a,MapDType rejects dtype
reduction,cpu,f64,panic,panic,,
reduction,cpu,f32,native,implemented,,
reduction,cpu,f16,native,implemented,,
reduction,cpu,bf16,native,implemented,,
reduction,cpu,fp8e4m3,panic,panic,,
reduction,cpu,fp8e5m2,panic,panic,,
reduction,cpu,i64,missing,missing,n/a,
reduction,cpu,i32,missing,missing,n/a,
reduction,cpu,i16,missing,missing,n/a,
reduction,cpu,i8,missing,missing,n/a,
reduction,cpu,i4,missing,missing,n/a,
reduction,cpu,u64,missing,missing,n/a,
reduction,cpu,u32,missing,missing,n/a,
reduction,cpu,u16,missing,missing,n/a,
reduction,cpu,u8,missing,missing,n/a,
reduction,cpu,bool,missing,missing,n/a,
reduction,cpu,c64,missing,missing,n/a,
reduction,cpu,c128,missing,missing,n/a,
reduction,metal,f64,unavailable,host_unwired,,
reduction,metal,f32,native,implemented,,
reduction,metal,f16,native,implemented,,
reduction,metal,bf16,native,implemented,,
reduction,metal,fp8e4m3,unavailable,host_unwired,,
reduction,metal,fp8e5m2,unavailable,host_unwired,,
reduction,metal,i64,unavailable,host_unwired,,
reduction,metal,i32,unavailable,host_unwired,,
reduction,metal,i16,unavailable,host_unwired,,
reduction,metal,i8,unavailable,host_unwired,,
reduction,metal,i4,unavailable,host_unwired,,
reduction,metal,u64,unavailable,host_unwired,,
reduction,metal,u32,unavailable,host_unwired,,
reduction,metal,u16,unavailable,host_unwired,,
reduction,metal,u8,unavailable,host_unwired,,
reduction,metal,bool,unavailable,host_unwired,,
reduction,metal,c64,unavailable,host_unwired,,
reduction,metal,c128,unavailable,host_unwired,,
reduction,cuda,f64,stub,stub,,
reduction,cuda,f32,native,implemented,,
reduction,cuda,f16,native,implemented,,
reduction,cuda,bf16,native,implemented,,
reduction,cuda,fp8e4m3,stub,stub,,
reduction,cuda,fp8e5m2,stub,stub,,
reduction,cuda,i64,stub,stub,,
reduction,cuda,i32,stub,stub,,
reduction,cuda,i16,stub,stub,,
reduction,cuda,i8,stub,stub,,
reduction,cuda,i4,stub,stub,,
reduction,cuda,u64,stub,stub,,
reduction,cuda,u32,stub,stub,,
reduction,cuda,u16,stub,stub,,
reduction,cuda,u8,stub,stub,,
reduction,cuda,bool,stub,stub,,
reduction,cuda,c64,stub,stub,,
reduction,cuda,c128,stub,stub,,
reduction,xla,f64,lower,implemented,,
reduction,xla,f32,lower,implemented,,
reduction,xla,f16,lower,implemented,,
reduction,xla,bf16,lower,implemented,,
reduction,xla,fp8e4m3,lower,implemented,,
reduction,xla,fp8e5m2,lower,implemented,,
reduction,xla,i64,lower,implemented,,
reduction,xla,i32,lower,implemented,,
reduction,xla,i16,lower,implemented,,
reduction,xla,i8,lower,implemented,,
reduction,xla,i4,missing,missing,n/a,MapDType rejects dtype
reduction,xla,u64,lower,implemented,,
reduction,xla,u32,lower,implemented,,
reduction,xla,u16,lower,implemented,,
reduction,xla,u8,lower,implemented,,
reduction,xla,bool,lower,implemented,,
reduction,xla,c64,missing,missing,n/a,MapDType rejects dtype
reduction,xla,c128,missing,missing,n/a,MapDType rejects dtype
dot,cpu,f64,panic,panic,,
dot,cpu,f32,native,implemented,,
dot,cpu,f16,native,implemented,,
dot,cpu,bf16,native,implemented,,
dot,cpu,fp8e4m3,panic,panic,,
dot,cpu,fp8e5m2,panic,panic,,
dot,cpu,i64,missing,missing,n/a,
dot,cpu,i32,missing,missing,n/a,
dot,cpu,i16,missing,missing,n/a,
dot,cpu,i8,missing,missing,n/a,
dot,cpu,i4,missing,missing,n/a,
dot,cpu,u64,missing,missing,n/a,
dot,cpu,u32,missing,missing,n/a,
dot,cpu,u16,missing,missing,n/a,
dot,cpu,u8,missing,missing,n/a,
dot,cpu,bool,missing,missing,n/a,
dot,cpu,c64,missing,missing,n/a,
dot,cpu,c128,missing,missing,n/a,
dot,metal,f64,unavailable,host_unwired,,
dot,metal,f32,native,implemented,,
dot,metal,f16,native,implemented,,
dot,metal,bf16,native,implemented,,
dot,metal,fp8e4m3,unavailable,host_unwired,,
dot,metal,fp8e5m2,unavailable,host_unwired,,
dot,metal,i64,unavailable,host_unwired,,
dot,metal,i32,unavailable,host_unwired,,
dot,metal,i16,unavailable,host_unwired,,
dot,metal,i8,unavailable,host_unwired,,
dot,metal,i4,unavailable,host_unwired,,
dot,metal,u64,unavailable,host_unwired,,
dot,metal,u32,unavailable,host_unwired,,
dot,metal,u16,unavailable,host_unwired,,
dot,metal,u8,unavailable,host_unwired,,
dot,metal,bool,unavailable,host_unwired,,
dot,metal,c64,unavailable,host_unwired,,
dot,metal,c128,unavailable,host_unwired,,
dot,cuda,f64,stub,stub,,
dot,cuda,f32,native,implemented,,
dot,cuda,f16,native,implemented,,
dot,cuda,bf16,native,implemented,,
dot,cuda,fp8e4m3,stub,stub,,
dot,cuda,fp8e5m2,stub,stub,,
dot,cuda,i64,stub,stub,,
dot,cuda,i32,stub,stub,,
dot,cuda,i16,stub,stub,,
dot,cuda,i8,stub,stub,,
dot,cuda,i4,stub,stub,,
dot,cuda,u64,stub,stub,,
dot,cuda,u32,stub,stub,,
dot,cuda,u16,stub,stub,,
dot,cuda,u8,stub,stub,,
dot,cuda,bool,stub,stub,,
dot,cuda,c64,stub,stub,,
dot,cuda,c128,stub,stub,,
dot,xla,f64,lower,implemented,,
dot,xla,f32,lower,implemented,,
dot,xla,f16,lower,implemented,,
dot,xla,bf16,lower,implemented,,
dot,xla,fp8e4m3,lower,implemented,,
dot,xla,fp8e5m2,lower,implemented,,
dot,xla,i64,lower,implemented,,
dot,xla,i32,lower,implemented,,
dot,xla,i16,lower,implemented,,
dot,xla,i8,lower,implemented,,
dot,xla,i4,missing,missing,n/a,MapDType rejects dtype
dot,xla,u64,lower,implemented,,
dot,xla,u32,lower,implemented,,
dot,xla,u16,lower,implemented,,
dot,xla,u8,lower,implemented,,
dot,xla,bool,lower,implemented,,
dot,xla,c64,missing,missing,n/a,MapDType rejects dtype
dot,xla,c128,missing,missing,n/a,MapDType rejects dtype
matmul,cpu,f64,panic,panic,,
matmul,cpu,f32,native,implemented,,
matmul,cpu,f16,native,implemented,,
matmul,cpu,bf16,native,implemented,,
matmul,cpu,fp8e4m3,panic,panic,,
matmul,cpu,fp8e5m2,panic,panic,,
matmul,cpu,i64,missing,missing,n/a,
matmul,cpu,i32,missing,missing,n/a,
matmul,cpu,i16,missing,missing,n/a,
matmul,cpu,i8,missing,missing,n/a,
matmul,cpu,i4,missing,missing,n/a,
matmul,cpu,u64,missing,missing,n/a,
matmul,cpu,u32,missing,missing,n/a,
matmul,cpu,u16,missing,missing,n/a,
matmul,cpu,u8,missing,missing,n/a,
matmul,cpu,bool,missing,missing,n/a,
matmul,cpu,c64,missing,missing,n/a,
matmul,cpu,c128,missing,missing,n/a,
matmul,metal,f64,unavailable,host_unwired,,
matmul,metal,f32,native,implemented,,
matmul,metal,f16,native,implemented,,
matmul,metal,bf16,native,implemented,,
matmul,metal,fp8e4m3,unavailable,host_unwired,,
matmul,metal,fp8e5m2,unavailable,host_unwired,,
matmul,metal,i64,unavailable,host_unwired,,
matmul,metal,i32,unavailable,host_unwired,,
matmul,metal,i16,unavailable,host_unwired,,
matmul,metal,i8,unavailable,host_unwired,,
matmul,metal,i4,unavailable,host_unwired,,
matmul,metal,u64,unavailable,host_unwired,,
matmul,metal,u32,unavailable,host_unwired,,
matmul,metal,u16,unavailable,host_unwired,,
matmul,metal,u8,unavailable,host_unwired,,
matmul,metal,bool,unavailable,host_unwired,,
matmul,metal,c64,unavailable,host_unwired,,
matmul,metal,c128,unavailable,host_unwired,,
matmul,cuda,f64,stub,stub,,
matmul,cuda,f32,native,implemented,,
matmul,cuda,f16,native,implemented,,
matmul,cuda,bf16,native,implemented,,
matmul,cuda,fp8e4m3,stub,stub,,
matmul,cuda,fp8e5m2,stub,stub,,
matmul,cuda,i64,stub,stub,,
matmul,cuda,i32,stub,stub,,
matmul,cuda,i16,stub,stub,,
matmul,cuda,i8,stub,stub,,
matmul,cuda,i4,stub,stub,,
matmul,cuda,u64,stub,stub,,
matmul,cuda,u32,stub,stub,,
matmul,cuda,u16,stub,stub,,
matmul,cuda,u8,stub,stub,,
matmul,cuda,bool,stub,stub,,
matmul,cuda,c64,stub,stub,,
matmul,cuda,c128,stub,stub,,
matmul,xla,f64,lower,implemented,,
matmul,xla,f32,lower,implemented,,
matmul,xla,f16,lower,implemented,,
matmul,xla,bf16,lower,implemented,,
matmul,xla,fp8e4m3,lower,implemented,,
matmul,xla,fp8e5m2,lower,implemented,,
matmul,xla,i64,lower,implemented,,
matmul,xla,i32,lower,implemented,,
matmul,xla,i16,lower,implemented,,
matmul,xla,i8,lower,implemented,,
matmul,xla,i4,missing,missing,n/a,MapDType rejects dtype
matmul,xla,u64,lower,implemented,,
matmul,xla,u32,lower,implemented,,
matmul,xla,u16,lower,implemented,,
matmul,xla,u8,lower,implemented,,
matmul,xla,bool,lower,implemented,,
matmul,xla,c64,missing,missing,n/a,MapDType rejects dtype
matmul,xla,c128,missing,missing,n/a,MapDType rejects dtype
pool,cpu,f64,panic,panic,,
pool,cpu,f32,native,implemented,,
pool,cpu,f16,native,implemented,,
pool,cpu,bf16,native,implemented,,
pool,cpu,fp8e4m3,panic,panic,,
pool,cpu,fp8e5m2,panic,panic,,
pool,cpu,i64,missing,missing,n/a,
pool,cpu,i32,missing,missing,n/a,
pool,cpu,i16,missing,missing,n/a,
pool,cpu,i8,missing,missing,n/a,
pool,cpu,i4,missing,missing,n/a,
pool,cpu,u64,missing,missing,n/a,
pool,cpu,u32,missing,missing,n/a,
pool,cpu,u16,missing,missing,n/a,
pool,cpu,u8,missing,missing,n/a,
pool,cpu,bool,missing,missing,n/a,
pool,cpu,c64,missing,missing,n/a,
pool,cpu,c128,missing,missing,n/a,
pool,metal,f64,unavailable,host_unwired,,
pool,metal,f32,native,implemented,,
pool,metal,f16,native,implemented,,
pool,metal,bf16,native,implemented,,
pool,metal,fp8e4m3,unavailable,host_unwired,,
pool,metal,fp8e5m2,unavailable,host_unwired,,
pool,metal,i64,unavailable,host_unwired,,
pool,metal,i32,unavailable,host_unwired,,
pool,metal,i16,unavailable,host_unwired,,
pool,metal,i8,unavailable,host_unwired,,
pool,metal,i4,unavailable,host_unwired,,
pool,metal,u64,unavailable,host_unwired,,
pool,metal,u32,unavailable,host_unwired,,
pool,metal,u16,unavailable,host_unwired,,
pool,metal,u8,unavailable,host_unwired,,
pool,metal,bool,unavailable,host_unwired,,
pool,metal,c64,unavailable,host_unwired,,
pool,metal,c128,unavailable,host_unwired,,
pool,cuda,f64,stub,stub,,
pool,cuda,f32,native,implemented,,
pool,cuda,f16,native,implemented,,
pool,cuda,bf16,native,implemented,,
pool,cuda,fp8e4m3,stub,stub,,
pool,cuda,fp8e5m2,stub,stub,,
pool,cuda,i64,stub,stub,,
pool,cuda,i32,stub,stub,,
pool,cuda,i16,stub,stub,,
pool,cuda,i8,stub,stub,,
pool,cuda,i4,stub,stub,,
pool,cuda,u64,stub,stub,,
pool,cuda,u32,stub,stub,,
pool,cuda,u16,stub,stub,,
pool,cuda,u8,stub,stub,,
pool,cuda,bool,stub,stub,,
pool,cuda,c64,stub,stub,,
pool,cuda,c128,stub,stub,,
pool,xla,f64,lower,implemented,,
pool,xla,f32,lower,implemented,,
pool,xla,f16,lower,implemented,,
pool,xla,bf16,lower,implemented,,
pool,xla,fp8e4m3,lower,implemented,,
pool,xla,fp8e5m2,lower,implemented,,
pool,xla,i64,lower,implemented,,
pool,xla,i32,lower,implemented,,
pool,xla,i16,lower,implemented,,
pool,xla,i8,lower,implemented,,
pool,xla,i4,missing,missing,n/a,MapDType rejects dtype
pool,xla,u64,lower,implemented,,
pool,xla,u32,lower,implemented,,
pool,xla,u16,lower,implemented,,
pool,xla,u8,lower,implemented,,
pool,xla,bool,lower,implemented,,
pool,xla,c64,missing,missing,n/a,MapDType rejects dtype
pool,xla,c128,missing,missing,n/a,MapDType rejects dtype
convolution,cpu,f64,panic,panic,,
convolution,cpu,f32,native,implemented,,
convolution,cpu,f16,native,implemented,,
convolution,cpu,bf16,native,implemented,,
convolution,cpu,fp8e4m3,panic,panic,,
convolution,cpu,fp8e5m2,panic,panic,,
convolution,cpu,i64,missing,missing,n/a,
convolution,cpu,i32,missing,missing,n/a,
convolution,cpu,i16,missing,missing,n/a,
convolution,cpu,i8,missing,missing,n/a,
convolution,cpu,i4,missing,missing,n/a,
convolution,cpu,u64,missing,missing,n/a,
convolution,cpu,u32,missing,missing,n/a,
convolution,cpu,u16,missing,missing,n/a,
convolution,cpu,u8,missing,missing,n/a,
convolution,cpu,bool,missing,missing,n/a,
convolution,cpu,c64,missing,missing,n/a,
convolution,cpu,c128,missing,missing,n/a,
convolution,metal,f64,unavailable,host_unwired,,
convolution,metal,f32,native,implemented,,
convolution,metal,f16,native,implemented,,
convolution,metal,bf16,native,implemented,,
convolution,metal,fp8e4m3,unavailable,host_unwired,,
convolution,metal,fp8e5m2,unavailable,host_unwired,,
convolution,metal,i64,unavailable,host_unwired,,
convolution,metal,i32,unavailable,host_unwired,,
convolution,metal,i16,unavailable,host_unwired,,
convolution,metal,i8,unavailable,host_unwired,,
convolution,metal,i4,unavailable,host_unwired,,
convolution,metal,u64,unavailable,host_unwired,,
convolution,metal,u32,unavailable,host_unwired,,
convolution,metal,u16,unavailable,host_unwired,,
convolution,metal,u8,unavailable,host_unwired,,
convolution,metal,bool,unavailable,host_unwired,,
convolution,metal,c64,unavailable,host_unwired,,
convolution,metal,c128,unavailable,host_unwired,,
convolution,cuda,f64,stub,stub,,
convolution,cuda,f32,native,implemented,,
convolution,cuda,f16,native,implemented,,
convolution,cuda,bf16,native,implemented,,
convolution,cuda,fp8e4m3,stub,stub,,
convolution,cuda,fp8e5m2,stub,stub,,
convolution,cuda,i64,stub,stub,,
convolution,cuda,i32,stub,stub,,
convolution,cuda,i16,stub,stub,,
convolution,cuda,i8,stub,stub,,
convolution,cuda,i4,stub,stub,,
convolution,cuda,u64,stub,stub,,
convolution,cuda,u32,stub,stub,,
convolution,cuda,u16,stub,stub,,
convolution,cuda,u8,stub,stub,,
convolution,cuda,bool,stub,stub,,
convolution,cuda,c64,stub,stub,,
convolution,cuda,c128,stub,stub,,
convolution,xla,f64,lower,implemented,,
convolution,xla,f32,lower,implemented,,
convolution,xla,f16,lower,implemented,,
convolution,xla,bf16,lower,implemented,,
convolution,xla,fp8e4m3,lower,implemented,,
convolution,xla,fp8e5m2,lower,implemented,,
convolution,xla,i64,lower,implemented,,
convolution,xla,i32,lower,implemented,,
convolution,xla,i16,lower,implemented,,
convolution,xla,i8,lower,implemented,,
convolution,xla,i4,missing,missing,n/a,MapDType rejects dtype
convolution,xla,u64,lower,implemented,,
convolution,xla,u32,lower,implemented,,
convolution,xla,u16,lower,implemented,,
convolution,xla,u8,lower,implemented,,
convolution,xla,bool,lower,implemented,,
convolution,xla,c64,missing,missing,n/a,MapDType rejects dtype
convolution,xla,c128,missing,missing,n/a,MapDType rejects dtype
dropout,cpu,f64,panic,panic,,
dropout,cpu,f32,native,implemented,,
dropout,cpu,f16,panic,panic,,
dropout,cpu,bf16,panic,panic,,
dropout,cpu,fp8e4m3,panic,panic,,
dropout,cpu,fp8e5m2,panic,panic,,
dropout,cpu,i64,missing,missing,n/a,
dropout,cpu,i32,missing,missing,n/a,
dropout,cpu,i16,missing,missing,n/a,
dropout,cpu,i8,missing,missing,n/a,
dropout,cpu,i4,missing,missing,n/a,
dropout,cpu,u64,missing,missing,n/a,
dropout,cpu,u32,missing,missing,n/a,
dropout,cpu,u16,missing,missing,n/a,
dropout,cpu,u8,missing,missing,n/a,
dropout,cpu,bool,missing,missing,n/a,
dropout,cpu,c64,missing,missing,n/a,
dropout,cpu,c128,missing,missing,n/a,
dropout,metal,f64,unavailable,host_unwired,,
dropout,metal,f32,shader,shader_only,,
dropout,metal,f16,shader,shader_only,,
dropout,metal,bf16,shader,shader_only,,
dropout,metal,fp8e4m3,unavailable,host_unwired,,
dropout,metal,fp8e5m2,unavailable,host_unwired,,
dropout,metal,i64,unavailable,host_unwired,,
dropout,metal,i32,unavailable,host_unwired,,
dropout,metal,i16,unavailable,host_unwired,,
dropout,metal,i8,unavailable,host_unwired,,
dropout,metal,i4,unavailable,host_unwired,,
dropout,metal,u64,unavailable,host_unwired,,
dropout,metal,u32,unavailable,host_unwired,,
dropout,metal,u16,unavailable,host_unwired,,
dropout,metal,u8,unavailable,host_unwired,,
dropout,metal,bool,unavailable,host_unwired,,
dropout,metal,c64,unavailable,host_unwired,,
dropout,metal,c128,unavailable,host_unwired,,
dropout,cuda,f64,stub,stub,,
dropout,cuda,f32,native,implemented,,
dropout,cuda,f16,native,implemented,,
dropout,cuda,bf16,native,implemented,,
dropout,cuda,fp8e4m3,stub,stub,,
dropout,cuda,fp8e5m2,stub,stub,,
dropout,cuda,i64,stub,stub,,
dropout,cuda,i32,stub,stub,,
dropout,cuda,i16,stub,stub,,
dropout,cuda,i8,stub,stub,,
dropout,cuda,i4,stub,stub,,
dropout,cuda,u64,stub,stub,,
dropout,cuda,u32,stub,stub,,
dropout,cuda,u16,stub,stub,,
dropout,cuda,u8,stub,stub,,
dropout,cuda,bool,stub,stub,,
dropout,cuda,c64,stub,stub,,
dropout,cuda,c128,stub,stub,,
dropout,xla,f64,lower,implemented,,
dropout,xla,f32,lower,implemented,,
dropout,xla,f16,lower,implemented,,
dropout,xla,bf16,lower,implemented,,
dropout,xla,fp8e4m3,lower,implemented,,
dropout,xla,fp8e5m2,lower,implemented,,
dropout,xla,i64,lower,implemented,,
dropout,xla,i32,lower,implemented,,
dropout,xla,i16,lower,implemented,,
dropout,xla,i8,lower,implemented,,
dropout,xla,i4,missing,missing,n/a,MapDType rejects dtype
dropout,xla,u64,lower,implemented,,
dropout,xla,u32,lower,implemented,,
dropout,xla,u16,lower,implemented,,
dropout,xla,u8,lower,implemented,,
dropout,xla,bool,lower,implemented,,
dropout,xla,c64,missing,missing,n/a,MapDType rejects dtype
dropout,xla,c128,missing,missing,n/a,MapDType rejects dtype
losses,cpu,f64,panic,panic,,
losses,cpu,f32,native,implemented,,
losses,cpu,f16,native,implemented,,
losses,cpu,bf16,native,implemented,,
losses,cpu,fp8e4m3,panic,panic,,
losses,cpu,fp8e5m2,panic,panic,,
losses,cpu,i64,missing,missing,n/a,
losses,cpu,i32,missing,missing,n/a,
losses,cpu,i16,missing,missing,n/a,
losses,cpu,i8,missing,missing,n/a,
losses,cpu,i4,missing,missing,n/a,
losses,cpu,u64,missing,missing,n/a,
losses,cpu,u32,missing,missing,n/a,
losses,cpu,u16,missing,missing,n/a,
losses,cpu,u8,missing,missing,n/a,
losses,cpu,bool,missing,missing,n/a,
losses,cpu,c64,missing,missing,n/a,
losses,cpu,c128,missing,missing,n/a,
losses,metal,f64,unavailable,host_unwired,,
losses,metal,f32,native,implemented,,
losses,metal,f16,native,implemented,,
losses,metal,bf16,native,implemented,,
losses,metal,fp8e4m3,unavailable,host_unwired,,
losses,metal,fp8e5m2,unavailable,host_unwired,,
losses,metal,i64,unavailable,host_unwired,,
losses,metal,i32,unavailable,host_unwired,,
losses,metal,i16,unavailable,host_unwired,,
losses,metal,i8,unavailable,host_unwired,,
losses,metal,i4,unavailable,host_unwired,,
losses,metal,u64,unavailable,host_unwired,,
losses,metal,u32,unavailable,host_unwired,,
losses,metal,u16,unavailable,host_unwired,,
losses,metal,u8,unavailable,host_unwired,,
losses,metal,bool,unavailable,host_unwired,,
losses,metal,c64,unavailable,host_unwired,,
losses,metal,c128,unavailable,host_unwired,,
losses,cuda,f64,stub,stub,,
losses,cuda,f32,native,implemented,,
losses,cuda,f16,native,implemented,,
losses,cuda,bf16,native,implemented,,
losses,cuda,fp8e4m3,stub,stub,,
losses,cuda,fp8e5m2,stub,stub,,
losses,cuda,i64,stub,stub,,
losses,cuda,i32,stub,stub,,
losses,cuda,i16,stub,stub,,
losses,cuda,i8,stub,stub,,
losses,cuda,i4,stub,stub,,
losses,cuda,u64,stub,stub,,
losses,cuda,u32,stub,stub,,
losses,cuda,u16,stub,stub,,
losses,cuda,u8,stub,stub,,
losses,cuda,bool,stub,stub,,
losses,cuda,c64,stub,stub,,
losses,cuda,c128,stub,stub,,
losses,xla,f64,lower,implemented,,
losses,xla,f32,lower,implemented,,
losses,xla,f16,lower,implemented,,
losses,xla,bf16,lower,implemented,,
losses,xla,fp8e4m3,lower,implemented,,
losses,xla,fp8e5m2,lower,implemented,,
losses,xla,i64,lower,implemented,,
losses,xla,i32,lower,implemented,,
losses,xla,i16,lower,implemented,,
losses,xla,i8,lower,implemented,,
losses,xla,i4,missing,missing,n/a,MapDType rejects dtype
losses,xla,u64,lower,implemented,,
losses,xla,u32,lower,implemented,,
losses,xla,u16,lower,implemented,,
losses,xla,u8,lower,implemented,,
losses,xla,bool,lower,implemented,,
losses,xla,c64,missing,missing,n/a,MapDType rejects dtype
losses,xla,c128,missing,missing,n/a,MapDType rejects dtype
sampling,cpu,f64,panic,panic,,
sampling,cpu,f32,native,implemented,,
sampling,cpu,f16,panic,panic,,
sampling,cpu,bf16,panic,panic,,
sampling,cpu,fp8e4m3,panic,panic,,
sampling,cpu,fp8e5m2,panic,panic,,
sampling,cpu,i64,missing,missing,n/a,
sampling,cpu,i32,missing,missing,n/a,
sampling,cpu,i16,missing,missing,n/a,
sampling,cpu,i8,missing,missing,n/a,
sampling,cpu,i4,missing,missing,n/a,
sampling,cpu,u64,missing,missing,n/a,
sampling,cpu,u32,missing,missing,n/a,
sampling,cpu,u16,missing,missing,n/a,
sampling,cpu,u8,missing,missing,n/a,
sampling,cpu,bool,missing,missing,n/a,
sampling,cpu,c64,missing,missing,n/a,
sampling,cpu,c128,missing,missing,n/a,
sampling,metal,f64,unavailable,host_unwired,,
sampling,metal,f32,shader,shader_only,,
sampling,metal,f16,shader,shader_only,,
sampling,metal,bf16,shader,shader_only,,
sampling,metal,fp8e4m3,unavailable,host_unwired,,
sampling,metal,fp8e5m2,unavailable,host_unwired,,
sampling,metal,i64,unavailable,host_unwired,,
sampling,metal,i32,unavailable,host_unwired,,
sampling,metal,i16,unavailable,host_unwired,,
sampling,metal,i8,unavailable,host_unwired,,
sampling,metal,i4,unavailable,host_unwired,,
sampling,metal,u64,unavailable,host_unwired,,
sampling,metal,u32,unavailable,host_unwired,,
sampling,metal,u16,unavailable,host_unwired,,
sampling,metal,u8,unavailable,host_unwired,,
sampling,metal,bool,unavailable,host_unwired,,
sampling,metal,c64,unavailable,host_unwired,,
sampling,metal,c128,unavailable,host_unwired,,
sampling,cuda,f64,stub,stub,,
sampling,cuda,f32,native,implemented,,
sampling,cuda,f16,native,implemented,,
sampling,cuda,bf16,native,implemented,,
sampling,cuda,fp8e4m3,stub,stub,,
sampling,cuda,fp8e5m2,stub,stub,,
sampling,cuda,i64,stub,stub,,
sampling,cuda,i32,stub,stub,,
sampling,cuda,i16,stub,stub,,
sampling,cuda,i8,stub,stub,,
sampling,cuda,i4,stub,stub,,
sampling,cuda,u64,stub,stub,,
sampling,cuda,u32,stub,stub,,
sampling,cuda,u16,stub,stub,,
sampling,cuda,u8,stub,stub,,
sampling,cuda,bool,stub,stub,,
sampling,cuda,c64,stub,stub,,
sampling,cuda,c128,stub,stub,,
sampling,xla,f64,lower,implemented,,
sampling,xla,f32,lower,implemented,,
sampling,xla,f16,lower,implemented,,
sampling,xla,bf16,lower,implemented,,
sampling,xla,fp8e4m3,lower,implemented,,
sampling,xla,fp8e5m2,lower,implemented,,
sampling,xla,i64,lower,implemented,,
sampling,xla,i32,lower,implemented,,
sampling,xla,i16,lower,implemented,,
sampling,xla,i8,lower,implemented,,
sampling,xla,i4,missing,missing,n/a,MapDType rejects dtype
sampling,xla,u64,lower,implemented,,
sampling,xla,u32,lower,implemented,,
sampling,xla,u16,lower,implemented,,
sampling,xla,u8,lower,implemented,,
sampling,xla,bool,lower,implemented,,
sampling,xla,c64,missing,missing,n/a,MapDType rejects dtype
sampling,xla,c128,missing,missing,n/a,MapDType rejects dtype
embedding,cpu,f64,panic,panic,,
embedding,cpu,f32,native,implemented,,
embedding,cpu,f16,native,implemented,,
embedding,cpu,bf16,native,implemented,,
embedding,cpu,fp8e4m3,panic,panic,,
embedding,cpu,fp8e5m2,panic,panic,,
embedding,cpu,i64,missing,missing,n/a,
embedding,cpu,i32,missing,missing,n/a,
embedding,cpu,i16,missing,missing,n/a,
embedding,cpu,i8,missing,missing,n/a,
embedding,cpu,i4,missing,missing,n/a,
embedding,cpu,u64,missing,missing,n/a,
embedding,cpu,u32,missing,missing,n/a,
embedding,cpu,u16,missing,missing,n/a,
embedding,cpu,u8,missing,missing,n/a,
embedding,cpu,bool,missing,missing,n/a,
embedding,cpu,c64,missing,missing,n/a,
embedding,cpu,c128,missing,missing,n/a,
embedding,metal,f64,unavailable,host_unwired,,
embedding,metal,f32,native,implemented,,
embedding,metal,f16,native,implemented,,
embedding,metal,bf16,native,implemented,,
embedding,metal,fp8e4m3,unavailable,host_unwired,,
embedding,metal,fp8e5m2,unavailable,host_unwired,,
embedding,metal,i64,unavailable,host_unwired,,
embedding,metal,i32,unavailable,host_unwired,,
embedding,metal,i16,unavailable,host_unwired,,
embedding,metal,i8,unavailable,host_unwired,,
embedding,metal,i4,unavailable,host_unwired,,
embedding,metal,u64,unavailable,host_unwired,,
embedding,metal,u32,unavailable,host_unwired,,
embedding,metal,u16,unavailable,host_unwired,,
embedding,metal,u8,unavailable,host_unwired,,
embedding,metal,bool,unavailable,host_unwired,,
embedding,metal,c64,unavailable,host_unwired,,
embedding,metal,c128,unavailable,host_unwired,,
embedding,cuda,f64,stub,stub,,
embedding,cuda,f32,native,implemented,,
embedding,cuda,f16,native,implemented,,
embedding,cuda,bf16,native,implemented,,
embedding,cuda,fp8e4m3,stub,stub,,
embedding,cuda,fp8e5m2,stub,stub,,
embedding,cuda,i64,stub,stub,,
embedding,cuda,i32,stub,stub,,
embedding,cuda,i16,stub,stub,,
embedding,cuda,i8,stub,stub,,
embedding,cuda,i4,stub,stub,,
embedding,cuda,u64,stub,stub,,
embedding,cuda,u32,stub,stub,,
embedding,cuda,u16,stub,stub,,
embedding,cuda,u8,stub,stub,,
embedding,cuda,bool,stub,stub,,
embedding,cuda,c64,stub,stub,,
embedding,cuda,c128,stub,stub,,
embedding,xla,f64,lower,implemented,,
embedding,xla,f32,lower,implemented,,
embedding,xla,f16,lower,implemented,,
embedding,xla,bf16,lower,implemented,,
embedding,xla,fp8e4m3,lower,implemented,,
embedding,xla,fp8e5m2,lower,implemented,,
embedding,xla,i64,lower,implemented,,
embedding,xla,i32,lower,implemented,,
embedding,xla,i16,lower,implemented,,
embedding,xla,i8,lower,implemented,,
embedding,xla,i4,missing,missing,n/a,MapDType rejects dtype
embedding,xla,u64,lower,implemented,,
embedding,xla,u32,lower,implemented,,
embedding,xla,u16,lower,implemented,,
embedding,xla,u8,lower,implemented,,
embedding,xla,bool,lower,implemented,,
embedding,xla,c64,missing,missing,n/a,MapDType rejects dtype
embedding,xla,c128,missing,missing,n/a,MapDType rejects dtype
normalization,cpu,f64,panic,panic,,
normalization,cpu,f32,native,implemented,,
normalization,cpu,f16,native,implemented,,
normalization,cpu,bf16,native,implemented,,
normalization,cpu,fp8e4m3,panic,panic,,
normalization,cpu,fp8e5m2,panic,panic,,
normalization,cpu,i64,missing,missing,n/a,
normalization,cpu,i32,missing,missing,n/a,
normalization,cpu,i16,missing,missing,n/a,
normalization,cpu,i8,missing,missing,n/a,
normalization,cpu,i4,missing,missing,n/a,
normalization,cpu,u64,missing,missing,n/a,
normalization,cpu,u32,missing,missing,n/a,
normalization,cpu,u16,missing,missing,n/a,
normalization,cpu,u8,missing,missing,n/a,
normalization,cpu,bool,missing,missing,n/a,
normalization,cpu,c64,missing,missing,n/a,
normalization,cpu,c128,missing,missing,n/a,
normalization,metal,f64,unavailable,host_unwired,,
normalization,metal,f32,native,implemented,,
normalization,metal,f16,native,implemented,,
normalization,metal,bf16,native,implemented,,
normalization,metal,fp8e4m3,unavailable,host_unwired,,
normalization,metal,fp8e5m2,unavailable,host_unwired,,
normalization,metal,i64,unavailable,host_unwired,,
normalization,metal,i32,unavailable,host_unwired,,
normalization,metal,i16,unavailable,host_unwired,,
normalization,metal,i8,unavailable,host_unwired,,
normalization,metal,i4,unavailable,host_unwired,,
normalization,metal,u64,unavailable,host_unwired,,
normalization,metal,u32,unavailable,host_unwired,,
normalization,metal,u16,unavailable,host_unwired,,
normalization,metal,u8,unavailable,host_unwired,,
normalization,metal,bool,unavailable,host_unwired,,
normalization,metal,c64,unavailable,host_unwired,,
normalization,metal,c128,unavailable,host_unwired,,
normalization,cuda,f64,stub,stub,,
normalization,cuda,f32,native,implemented,,
normalization,cuda,f16,native,implemented,,
normalization,cuda,bf16,native,implemented,,
normalization,cuda,fp8e4m3,stub,stub,,
normalization,cuda,fp8e5m2,stub,stub,,
normalization,cuda,i64,stub,stub,,
normalization,cuda,i32,stub,stub,,
normalization,cuda,i16,stub,stub,,
normalization,cuda,i8,stub,stub,,
normalization,cuda,i4,stub,stub,,
normalization,cuda,u64,stub,stub,,
normalization,cuda,u32,stub,stub,,
normalization,cuda,u16,stub,stub,,
normalization,cuda,u8,stub,stub,,
normalization,cuda,bool,stub,stub,,
normalization,cuda,c64,stub,stub,,
normalization,cuda,c128,stub,stub,,
normalization,xla,f64,lower,implemented,,
normalization,xla,f32,lower,implemented,,
normalization,xla,f16,lower,implemented,,
normalization,xla,bf16,lower,implemented,,
normalization,xla,fp8e4m3,lower,implemented,,
normalization,xla,fp8e5m2,lower,implemented,,
normalization,xla,i64,lower,implemented,,
normalization,xla,i32,lower,implemented,,
normalization,xla,i16,lower,implemented,,
normalization,xla,i8,lower,implemented,,
normalization,xla,i4,missing,missing,n/a,MapDType rejects dtype
normalization,xla,u64,lower,implemented,,
normalization,xla,u32,lower,implemented,,
normalization,xla,u16,lower,implemented,,
normalization,xla,u8,lower,implemented,,
normalization,xla,bool,lower,implemented,,
normalization,xla,c64,missing,missing,n/a,MapDType rejects dtype
normalization,xla,c128,missing,missing,n/a,MapDType rejects dtype
layernorm,cpu,f64,panic,panic,,
layernorm,cpu,f32,native,implemented,,
layernorm,cpu,f16,native,implemented,,
layernorm,cpu,bf16,native,implemented,,
layernorm,cpu,fp8e4m3,panic,panic,,
layernorm,cpu,fp8e5m2,panic,panic,,
layernorm,cpu,i64,missing,missing,n/a,
layernorm,cpu,i32,missing,missing,n/a,
layernorm,cpu,i16,missing,missing,n/a,
layernorm,cpu,i8,missing,missing,n/a,
layernorm,cpu,i4,missing,missing,n/a,
layernorm,cpu,u64,missing,missing,n/a,
layernorm,cpu,u32,missing,missing,n/a,
layernorm,cpu,u16,missing,missing,n/a,
layernorm,cpu,u8,missing,missing,n/a,
layernorm,cpu,bool,missing,missing,n/a,
layernorm,cpu,c64,missing,missing,n/a,
layernorm,cpu,c128,missing,missing,n/a,
layernorm,metal,f64,unavailable,host_unwired,,
layernorm,metal,f32,native,implemented,,
layernorm,metal,f16,native,implemented,,
layernorm,metal,bf16,native,implemented,,
layernorm,metal,fp8e4m3,unavailable,host_unwired,,
layernorm,metal,fp8e5m2,unavailable,host_unwired,,
layernorm,metal,i64,unavailable,host_unwired,,
layernorm,metal,i32,unavailable,host_unwired,,
layernorm,metal,i16,unavailable,host_unwired,,
layernorm,metal,i8,unavailable,host_unwired,,
layernorm,metal,i4,unavailable,host_unwired,,
layernorm,metal,u64,unavailable,host_unwired,,
layernorm,metal,u32,unavailable,host_unwired,,
layernorm,metal,u16,unavailable,host_unwired,,
layernorm,metal,u8,unavailable,host_unwired,,
layernorm,metal,bool,unavailable,host_unwired,,
layernorm,metal,c64,unavailable,host_unwired,,
layernorm,metal,c128,unavailable,host_unwired,,
layernorm,cuda,f64,stub,stub,,
layernorm,cuda,f32,native,implemented,,
layernorm,cuda,f16,native,implemented,,
layernorm,cuda,bf16,native,implemented,,
layernorm,cuda,fp8e4m3,stub,stub,,
layernorm,cuda,fp8e5m2,stub,stub,,
layernorm,cuda,i64,stub,stub,,
layernorm,cuda,i32,stub,stub,,
layernorm,cuda,i16,stub,stub,,
layernorm,cuda,i8,stub,stub,,
layernorm,cuda,i4,stub,stub,,
layernorm,cuda,u64,stub,stub,,
layernorm,cuda,u32,stub,stub,,
layernorm,cuda,u16,stub,stub,,
layernorm,cuda,u8,stub,stub,,
layernorm,cuda,bool,stub,stub,,
layernorm,cuda,c64,stub,stub,,
layernorm,cuda,c128,stub,stub,,
layernorm,xla,f64,lower,implemented,,
layernorm,xla,f32,lower,implemented,,
layernorm,xla,f16,lower,implemented,,
layernorm,xla,bf16,lower,implemented,,
layernorm,xla,fp8e4m3,lower,implemented,,
layernorm,xla,fp8e5m2,lower,implemented,,
layernorm,xla,i64,lower,implemented,,
layernorm,xla,i32,lower,implemented,,
layernorm,xla,i16,lower,implemented,,
layernorm,xla,i8,lower,implemented,,
layernorm,xla,i4,missing,missing,n/a,MapDType rejects dtype
layernorm,xla,u64,lower,implemented,,
layernorm,xla,u32,lower,implemented,,
layernorm,xla,u16,lower,implemented,,
layernorm,xla,u8,lower,implemented,,
layernorm,xla,bool,lower,implemented,,
layernorm,xla,c64,missing,missing,n/a,MapDType rejects dtype
layernorm,xla,c128,missing,missing,n/a,MapDType rejects dtype
rope,cpu,f64,panic,panic,,
rope,cpu,f32,native,implemented,,
rope,cpu,f16,native,implemented,,
rope,cpu,bf16,native,implemented,,
rope,cpu,fp8e4m3,panic,panic,,
rope,cpu,fp8e5m2,panic,panic,,
rope,cpu,i64,missing,missing,n/a,
rope,cpu,i32,missing,missing,n/a,
rope,cpu,i16,missing,missing,n/a,
rope,cpu,i8,missing,missing,n/a,
rope,cpu,i4,missing,missing,n/a,
rope,cpu,u64,missing,missing,n/a,
rope,cpu,u32,missing,missing,n/a,
rope,cpu,u16,missing,missing,n/a,
rope,cpu,u8,missing,missing,n/a,
rope,cpu,bool,missing,missing,n/a,
rope,cpu,c64,missing,missing,n/a,
rope,cpu,c128,missing,missing,n/a,
rope,metal,f64,unavailable,host_unwired,,
rope,metal,f32,native,implemented,,
rope,metal,f16,native,implemented,,
rope,metal,bf16,native,implemented,,
rope,metal,fp8e4m3,unavailable,host_unwired,,
rope,metal,fp8e5m2,unavailable,host_unwired,,
rope,metal,i64,unavailable,host_unwired,,
rope,metal,i32,unavailable,host_unwired,,
rope,metal,i16,unavailable,host_unwired,,
rope,metal,i8,unavailable,host_unwired,,
rope,metal,i4,unavailable,host_unwired,,
rope,metal,u64,unavailable,host_unwired,,
rope,metal,u32,unavailable,host_unwired,,
rope,metal,u16,unavailable,host_unwired,,
rope,metal,u8,unavailable,host_unwired,,
rope,metal,bool,unavailable,host_unwired,,
rope,metal,c64,unavailable,host_unwired,,
rope,metal,c128,unavailable,host_unwired,,
rope,cuda,f64,stub,stub,,
rope,cuda,f32,native,implemented,,
rope,cuda,f16,native,implemented,,
rope,cuda,bf16,native,implemented,,
rope,cuda,fp8e4m3,stub,stub,,
rope,cuda,fp8e5m2,stub,stub,,
rope,cuda,i64,stub,stub,,
rope,cuda,i32,stub,stub,,
rope,cuda,i16,stub,stub,,
rope,cuda,i8,stub,stub,,
rope,cuda,i4,stub,stub,,
rope,cuda,u64,stub,stub,,
rope,cuda,u32,stub,stub,,
rope,cuda,u16,stub,stub,,
rope,cuda,u8,stub,stub,,
rope,cuda,bool,stub,stub,,
rope,cuda,c64,stub,stub,,
rope,cuda,c128,stub,stub,,
rope,xla,f64,lower,implemented,,
rope,xla,f32,lower,implemented,,
rope,xla,f16,lower,implemented,,
rope,xla,bf16,lower,implemented,,
rope,xla,fp8e4m3,lower,implemented,,
rope,xla,fp8e5m2,lower,implemented,,
rope,xla,i64,lower,implemented,,
rope,xla,i32,lower,implemented,,
rope,xla,i16,lower,implemented,,
rope,xla,i8,lower,implemented,,
rope,xla,i4,missing,missing,n/a,MapDType rejects dtype
rope,xla,u64,lower,implemented,,
rope,xla,u32,lower,implemented,,
rope,xla,u16,lower,implemented,,
rope,xla,u8,lower,implemented,,
rope,xla,bool,lower,implemented,,
rope,xla,c64,missing,missing,n/a,MapDType rejects dtype
rope,xla,c128,missing,missing,n/a,MapDType rejects dtype
hawkes,cpu,f64,panic,panic,,
hawkes,cpu,f32,native,implemented,,
hawkes,cpu,f16,native,implemented,,
hawkes,cpu,bf16,native,implemented,,
hawkes,cpu,fp8e4m3,panic,panic,,
hawkes,cpu,fp8e5m2,panic,panic,,
hawkes,cpu,i64,missing,missing,n/a,
hawkes,cpu,i32,missing,missing,n/a,
hawkes,cpu,i16,missing,missing,n/a,
hawkes,cpu,i8,missing,missing,n/a,
hawkes,cpu,i4,missing,missing,n/a,
hawkes,cpu,u64,missing,missing,n/a,
hawkes,cpu,u32,missing,missing,n/a,
hawkes,cpu,u16,missing,missing,n/a,
hawkes,cpu,u8,missing,missing,n/a,
hawkes,cpu,bool,missing,missing,n/a,
hawkes,cpu,c64,missing,missing,n/a,
hawkes,cpu,c128,missing,missing,n/a,
hawkes,metal,f64,unavailable,host_unwired,,
hawkes,metal,f32,shader,shader_only,,
hawkes,metal,f16,native,implemented,,
hawkes,metal,bf16,native,implemented,,
hawkes,metal,fp8e4m3,unavailable,host_unwired,,
hawkes,metal,fp8e5m2,unavailable,host_unwired,,
hawkes,metal,i64,unavailable,host_unwired,,
hawkes,metal,i32,unavailable,host_unwired,,
hawkes,metal,i16,unavailable,host_unwired,,
hawkes,metal,i8,unavailable,host_unwired,,
hawkes,metal,i4,unavailable,host_unwired,,
hawkes,metal,u64,unavailable,host_unwired,,
hawkes,metal,u32,unavailable,host_unwired,,
hawkes,metal,u16,unavailable,host_unwired,,
hawkes,metal,u8,unavailable,host_unwired,,
hawkes,metal,bool,unavailable,host_unwired,,
hawkes,metal,c64,unavailable,host_unwired,,
hawkes,metal,c128,unavailable,host_unwired,,
hawkes,cuda,f64,stub,stub,,
hawkes,cuda,f32,native,implemented,,
hawkes,cuda,f16,native,implemented,,
hawkes,cuda,bf16,native,implemented,,
hawkes,cuda,fp8e4m3,stub,stub,,
hawkes,cuda,fp8e5m2,stub,stub,,
hawkes,cuda,i64,stub,stub,,
hawkes,cuda,i32,stub,stub,,
hawkes,cuda,i16,stub,stub,,
hawkes,cuda,i8,stub,stub,,
hawkes,cuda,i4,stub,stub,,
hawkes,cuda,u64,stub,stub,,
hawkes,cuda,u32,stub,stub,,
hawkes,cuda,u16,stub,stub,,
hawkes,cuda,u8,stub,stub,,
hawkes,cuda,bool,stub,stub,,
hawkes,cuda,c64,stub,stub,,
hawkes,cuda,c128,stub,stub,,
hawkes,xla,f64,lower,implemented,,
hawkes,xla,f32,lower,implemented,,
hawkes,xla,f16,lower,implemented,,
hawkes,xla,bf16,lower,implemented,,
hawkes,xla,fp8e4m3,lower,implemented,,
hawkes,xla,fp8e5m2,lower,implemented,,
hawkes,xla,i64,lower,implemented,,
hawkes,xla,i32,lower,implemented,,
hawkes,xla,i16,lower,implemented,,
hawkes,xla,i8,lower,implemented,,
hawkes,xla,i4,missing,missing,n/a,MapDType rejects dtype
hawkes,xla,u64,lower,implemented,,
hawkes,xla,u32,lower,implemented,,
hawkes,xla,u16,lower,implemented,,
hawkes,xla,u8,lower,implemented,,
hawkes,xla,bool,lower,implemented,,
hawkes,xla,c64,missing,missing,n/a,MapDType rejects dtype
hawkes,xla,c128,missing,missing,n/a,MapDType rejects dtype
physics,cpu,f64,panic,panic,,
physics,cpu,f32,native,implemented,,
physics,cpu,f16,panic,panic,,
physics,cpu,bf16,panic,panic,,
physics,cpu,fp8e4m3,panic,panic,,
physics,cpu,fp8e5m2,panic,panic,,
physics,cpu,i64,missing,missing,n/a,
physics,cpu,i32,missing,missing,n/a,
physics,cpu,i16,missing,missing,n/a,
physics,cpu,i8,missing,missing,n/a,
physics,cpu,i4,missing,missing,n/a,
physics,cpu,u64,missing,missing,n/a,
physics,cpu,u32,missing,missing,n/a,
physics,cpu,u16,missing,missing,n/a,
physics,cpu,u8,missing,missing,n/a,
physics,cpu,bool,missing,missing,n/a,
physics,cpu,c64,missing,missing,n/a,
physics,cpu,c128,missing,missing,n/a,
physics,metal,f64,unavailable,host_unwired,,
physics,metal,f32,shader,shader_only,,
physics,metal,f16,native,implemented,,
physics,metal,bf16,native,implemented,,
physics,metal,fp8e4m3,unavailable,host_unwired,,
physics,metal,fp8e5m2,unavailable,host_unwired,,
physics,metal,i64,unavailable,host_unwired,,
physics,metal,i32,unavailable,host_unwired,,
physics,metal,i16,unavailable,host_unwired,,
physics,metal,i8,unavailable,host_unwired,,
physics,metal,i4,unavailable,host_unwired,,
physics,metal,u64,unavailable,host_unwired,,
physics,metal,u32,unavailable,host_unwired,,
physics,metal,u16,unavailable,host_unwired,,
physics,metal,u8,unavailable,host_unwired,,
physics,metal,bool,unavailable,host_unwired,,
physics,metal,c64,unavailable,host_unwired,,
physics,metal,c128,unavailable,host_unwired,,
physics,cuda,f64,stub,stub,,
physics,cuda,f32,native,implemented,,
physics,cuda,f16,native,implemented,,
physics,cuda,bf16,native,implemented,,
physics,cuda,fp8e4m3,stub,stub,,
physics,cuda,fp8e5m2,stub,stub,,
physics,cuda,i64,stub,stub,,
physics,cuda,i32,stub,stub,,
physics,cuda,i16,stub,stub,,
physics,cuda,i8,stub,stub,,
physics,cuda,i4,stub,stub,,
physics,cuda,u64,stub,stub,,
physics,cuda,u32,stub,stub,,
physics,cuda,u16,stub,stub,,
physics,cuda,u8,stub,stub,,
physics,cuda,bool,stub,stub,,
physics,cuda,c64,stub,stub,,
physics,cuda,c128,stub,stub,,
physics,xla,f64,lower,implemented,,
physics,xla,f32,lower,implemented,,
physics,xla,f16,lower,implemented,,
physics,xla,bf16,lower,implemented,,
physics,xla,fp8e4m3,lower,implemented,,
physics,xla,fp8e5m2,lower,implemented,,
physics,xla,i64,lower,implemented,,
physics,xla,i32,lower,implemented,,
physics,xla,i16,lower,implemented,,
physics,xla,i8,lower,implemented,,
physics,xla,i4,missing,missing,n/a,MapDType rejects dtype
physics,xla,u64,lower,implemented,,
physics,xla,u32,lower,implemented,,
physics,xla,u16,lower,implemented,,
physics,xla,u8,lower,implemented,,
physics,xla,bool,lower,implemented,,
physics,xla,c64,missing,missing,n/a,MapDType rejects dtype
physics,xla,c128,missing,missing,n/a,MapDType rejects dtype
causal,cpu,f64,panic,panic,,
causal,cpu,f32,native,implemented,,
causal,cpu,f16,native,implemented,,
causal,cpu,bf16,native,implemented,,
causal,cpu,fp8e4m3,panic,panic,,
causal,cpu,fp8e5m2,panic,panic,,
causal,cpu,i64,missing,missing,n/a,
causal,cpu,i32,missing,missing,n/a,
causal,cpu,i16,missing,missing,n/a,
causal,cpu,i8,missing,missing,n/a,
causal,cpu,i4,missing,missing,n/a,
causal,cpu,u64,missing,missing,n/a,
causal,cpu,u32,missing,missing,n/a,
causal,cpu,u16,missing,missing,n/a,
causal,cpu,u8,missing,missing,n/a,
causal,cpu,bool,missing,missing,n/a,
causal,cpu,c64,missing,missing,n/a,
causal,cpu,c128,missing,missing,n/a,
causal,metal,f64,unavailable,host_unwired,,
causal,metal,f32,shader,shader_only,,
causal,metal,f16,native,implemented,,
causal,metal,bf16,native,implemented,,
causal,metal,fp8e4m3,unavailable,host_unwired,,
causal,metal,fp8e5m2,unavailable,host_unwired,,
causal,metal,i64,unavailable,host_unwired,,
causal,metal,i32,unavailable,host_unwired,,
causal,metal,i16,unavailable,host_unwired,,
causal,metal,i8,unavailable,host_unwired,,
causal,metal,i4,unavailable,host_unwired,,
causal,metal,u64,unavailable,host_unwired,,
causal,metal,u32,unavailable,host_unwired,,
causal,metal,u16,unavailable,host_unwired,,
causal,metal,u8,unavailable,host_unwired,,
causal,metal,bool,unavailable,host_unwired,,
causal,metal,c64,unavailable,host_unwired,,
causal,metal,c128,unavailable,host_unwired,,
causal,cuda,f64,stub,stub,,
causal,cuda,f32,native,implemented,,
causal,cuda,f16,native,implemented,,
causal,cuda,bf16,native,implemented,,
causal,cuda,fp8e4m3,stub,stub,,
causal,cuda,fp8e5m2,stub,stub,,
causal,cuda,i64,stub,stub,,
causal,cuda,i32,stub,stub,,
causal,cuda,i16,stub,stub,,
causal,cuda,i8,stub,stub,,
causal,cuda,i4,stub,stub,,
causal,cuda,u64,stub,stub,,
causal,cuda,u32,stub,stub,,
causal,cuda,u16,stub,stub,,
causal,cuda,u8,stub,stub,,
causal,cuda,bool,stub,stub,,
causal,cuda,c64,stub,stub,,
causal,cuda,c128,stub,stub,,
causal,xla,f64,lower,implemented,,
causal,xla,f32,lower,implemented,,
causal,xla,f16,lower,implemented,,
causal,xla,bf16,lower,implemented,,
causal,xla,fp8e4m3,lower,implemented,,
causal,xla,fp8e5m2,lower,implemented,,
causal,xla,i64,lower,implemented,,
causal,xla,i32,lower,implemented,,
causal,xla,i16,lower,implemented,,
causal,xla,i8,lower,implemented,,
causal,xla,i4,missing,missing,n/a,MapDType rejects dtype
causal,xla,u64,lower,implemented,,
causal,xla,u32,lower,implemented,,
causal,xla,u16,lower,implemented,,
causal,xla,u8,lower,implemented,,
causal,xla,bool,lower,implemented,,
causal,xla,c64,missing,missing,n/a,MapDType rejects dtype
causal,xla,c128,missing,missing,n/a,MapDType rejects dtype
masking,cpu,f64,panic,panic,,
masking,cpu,f32,native,implemented,,
masking,cpu,f16,native,implemented,,
masking,cpu,bf16,native,implemented,,
masking,cpu,fp8e4m3,panic,panic,,
masking,cpu,fp8e5m2,panic,panic,,
masking,cpu,i64,missing,missing,n/a,
masking,cpu,i32,missing,missing,n/a,
masking,cpu,i16,missing,missing,n/a,
masking,cpu,i8,missing,missing,n/a,
masking,cpu,i4,missing,missing,n/a,
masking,cpu,u64,missing,missing,n/a,
masking,cpu,u32,missing,missing,n/a,
masking,cpu,u16,missing,missing,n/a,
masking,cpu,u8,missing,missing,n/a,
masking,cpu,bool,missing,missing,n/a,
masking,cpu,c64,missing,missing,n/a,
masking,cpu,c128,missing,missing,n/a,
masking,metal,f64,unavailable,host_unwired,,masking ops live under metal/attention; not on metal.Backend
masking,metal,f32,missing,missing,n/a,masking ops live under metal/attention; not on metal.Backend
masking,metal,f16,missing,missing,n/a,masking ops live under metal/attention; not on metal.Backend
masking,metal,bf16,missing,missing,n/a,masking ops live under metal/attention; not on metal.Backend
masking,metal,fp8e4m3,unavailable,host_unwired,,masking ops live under metal/attention; not on metal.Backend
masking,metal,fp8e5m2,unavailable,host_unwired,,masking ops live under metal/attention; not on metal.Backend
masking,metal,i64,unavailable,host_unwired,,masking ops live under metal/attention; not on metal.Backend
masking,metal,i32,unavailable,host_unwired,,masking ops live under metal/attention; not on metal.Backend
masking,metal,i16,unavailable,host_unwired,,masking ops live under metal/attention; not on metal.Backend
masking,metal,i8,unavailable,host_unwired,,masking ops live under metal/attention; not on metal.Backend
masking,metal,i4,unavailable,host_unwired,,masking ops live under metal/attention; not on metal.Backend
masking,metal,u64,unavailable,host_unwired,,masking ops live under metal/attention; not on metal.Backend
masking,metal,u32,unavailable,host_unwired,,masking ops live under metal/attention; not on metal.Backend
masking,metal,u16,unavailable,host_unwired,,masking ops live under metal/attention; not on metal.Backend
masking,metal,u8,unavailable,host_unwired,,masking ops live under metal/attention; not on metal.Backend
masking,metal,bool,unavailable,host_unwired,,masking ops live under metal/attention; not on metal.Backend
masking,metal,c64,unavailable,host_unwired,,masking ops live under metal/attention; not on metal.Backend
masking,metal,c128,unavailable,host_unwired,,masking ops live under metal/attention; not on metal.Backend
masking,cuda,f64,stub,stub,,
masking,cuda,f32,native,implemented,,
masking,cuda,f16,native,implemented,,
masking,cuda,bf16,native,implemented,,
masking,cuda,fp8e4m3,stub,stub,,
masking,cuda,fp8e5m2,stub,stub,,
masking,cuda,i64,stub,stub,,
masking,cuda,i32,stub,stub,,
masking,cuda,i16,stub,stub,,
masking,cuda,i8,stub,stub,,
masking,cuda,i4,stub,stub,,
masking,cuda,u64,stub,stub,,
masking,cuda,u32,stub,stub,,
masking,cuda,u16,stub,stub,,
masking,cuda,u8,stub,stub,,
masking,cuda,bool,stub,stub,,
masking,cuda,c64,stub,stub,,
masking,cuda,c128,stub,stub,,
masking,xla,f64,lower,implemented,,
masking,xla,f32,lower,implemented,,
masking,xla,f16,lower,implemented,,
masking,xla,bf16,lower,implemented,,
masking,xla,fp8e4m3,lower,implemented,,
masking,xla,fp8e5m2,lower,implemented,,
masking,xla,i64,lower,implemented,,
masking,xla,i32,lower,implemented,,
masking,xla,i16,lower,implemented,,
masking,xla,i8,lower,implemented,,
masking,xla,i4,missing,missing,n/a,MapDType rejects dtype
masking,xla,u64,lower,implemented,,
masking,xla,u32,lower,implemented,,
masking,xla,u16,lower,implemented,,
masking,xla,u8,lower,implemented,,
masking,xla,bool,lower,implemented,,
masking,xla,c64,missing,missing,n/a,MapDType rejects dtype
masking,xla,c128,missing,missing,n/a,MapDType rejects dtype
attention,cpu,f64,panic,panic,,
attention,cpu,f32,native,implemented,,
attention,cpu,f16,native,implemented,,
attention,cpu,bf16,native,implemented,,
attention,cpu,fp8e4m3,panic,panic,,
attention,cpu,fp8e5m2,panic,panic,,
attention,cpu,i64,missing,missing,n/a,
attention,cpu,i32,missing,missing,n/a,
attention,cpu,i16,missing,missing,n/a,
attention,cpu,i8,missing,missing,n/a,
attention,cpu,i4,missing,missing,n/a,
attention,cpu,u64,missing,missing,n/a,
attention,cpu,u32,missing,missing,n/a,
attention,cpu,u16,missing,missing,n/a,
attention,cpu,u8,missing,missing,n/a,
attention,cpu,bool,missing,missing,n/a,
attention,cpu,c64,missing,missing,n/a,
attention,cpu,c128,missing,missing,n/a,
attention,metal,f64,unavailable,host_unwired,,
attention,metal,f32,native,implemented,,
attention,metal,f16,native,implemented,,
attention,metal,bf16,native,implemented,,
attention,metal,fp8e4m3,unavailable,host_unwired,,
attention,metal,fp8e5m2,unavailable,host_unwired,,
attention,metal,i64,unavailable,host_unwired,,
attention,metal,i32,unavailable,host_unwired,,
attention,metal,i16,unavailable,host_unwired,,
attention,metal,i8,unavailable,host_unwired,,
attention,metal,i4,unavailable,host_unwired,,
attention,metal,u64,unavailable,host_unwired,,
attention,metal,u32,unavailable,host_unwired,,
attention,metal,u16,unavailable,host_unwired,,
attention,metal,u8,unavailable,host_unwired,,
attention,metal,bool,unavailable,host_unwired,,
attention,metal,c64,unavailable,host_unwired,,
attention,metal,c128,unavailable,host_unwired,,
attention,cuda,f64,stub,stub,,
attention,cuda,f32,native,implemented,,
attention,cuda,f16,native,implemented,,
attention,cuda,bf16,native,implemented,,
attention,cuda,fp8e4m3,stub,stub,,
attention,cuda,fp8e5m2,stub,stub,,
attention,cuda,i64,stub,stub,,
attention,cuda,i32,stub,stub,,
attention,cuda,i16,stub,stub,,
attention,cuda,i8,stub,stub,,
attention,cuda,i4,stub,stub,,
attention,cuda,u64,stub,stub,,
attention,cuda,u32,stub,stub,,
attention,cuda,u16,stub,stub,,
attention,cuda,u8,stub,stub,,
attention,cuda,bool,stub,stub,,
attention,cuda,c64,stub,stub,,
attention,cuda,c128,stub,stub,,
attention,xla,f64,lower,implemented,,
attention,xla,f32,lower,implemented,,
attention,xla,f16,lower,implemented,,
attention,xla,bf16,lower,implemented,,
attention,xla,fp8e4m3,lower,implemented,,
attention,xla,fp8e5m2,lower,implemented,,
attention,xla,i64,lower,implemented,,
attention,xla,i32,lower,implemented,,
attention,xla,i16,lower,implemented,,
attention,xla,i8,lower,implemented,,
attention,xla,i4,missing,missing,n/a,MapDType rejects dtype
attention,xla,u64,lower,implemented,,
attention,xla,u32,lower,implemented,,
attention,xla,u16,lower,implemented,,
attention,xla,u8,lower,implemented,,
attention,xla,bool,lower,implemented,,
attention,xla,c64,missing,missing,n/a,MapDType rejects dtype
attention,xla,c128,missing,missing,n/a,MapDType rejects dtype
vsa,cpu,f64,panic,panic,,
vsa,cpu,f32,native,implemented,,
vsa,cpu,f16,native,implemented,,
vsa,cpu,bf16,native,implemented,,
vsa,cpu,fp8e4m3,panic,panic,,
vsa,cpu,fp8e5m2,panic,panic,,
vsa,cpu,i64,missing,missing,n/a,
vsa,cpu,i32,missing,missing,n/a,
vsa,cpu,i16,missing,missing,n/a,
vsa,cpu,i8,missing,missing,n/a,
vsa,cpu,i4,missing,missing,n/a,
vsa,cpu,u64,missing,missing,n/a,
vsa,cpu,u32,missing,missing,n/a,
vsa,cpu,u16,missing,missing,n/a,
vsa,cpu,u8,missing,missing,n/a,
vsa,cpu,bool,missing,missing,n/a,
vsa,cpu,c64,missing,missing,n/a,
vsa,cpu,c128,missing,missing,n/a,
vsa,metal,f64,unavailable,host_unwired,,
vsa,metal,f32,shader,shader_only,,
vsa,metal,f16,native,implemented,,
vsa,metal,bf16,native,implemented,,
vsa,metal,fp8e4m3,unavailable,host_unwired,,
vsa,metal,fp8e5m2,unavailable,host_unwired,,
vsa,metal,i64,unavailable,host_unwired,,
vsa,metal,i32,unavailable,host_unwired,,
vsa,metal,i16,unavailable,host_unwired,,
vsa,metal,i8,unavailable,host_unwired,,
vsa,metal,i4,unavailable,host_unwired,,
vsa,metal,u64,unavailable,host_unwired,,
vsa,metal,u32,unavailable,host_unwired,,
vsa,metal,u16,unavailable,host_unwired,,
vsa,metal,u8,unavailable,host_unwired,,
vsa,metal,bool,unavailable,host_unwired,,
vsa,metal,c64,unavailable,host_unwired,,
vsa,metal,c128,unavailable,host_unwired,,
vsa,cuda,f64,stub,stub,,
vsa,cuda,f32,native,implemented,,
vsa,cuda,f16,native,implemented,,
vsa,cuda,bf16,native,implemented,,
vsa,cuda,fp8e4m3,stub,stub,,
vsa,cuda,fp8e5m2,stub,stub,,
vsa,cuda,i64,stub,stub,,
vsa,cuda,i32,stub,stub,,
vsa,cuda,i16,stub,stub,,
vsa,cuda,i8,stub,stub,,
vsa,cuda,i4,stub,stub,,
vsa,cuda,u64,stub,stub,,
vsa,cuda,u32,stub,stub,,
vsa,cuda,u16,stub,stub,,
vsa,cuda,u8,stub,stub,,
vsa,cuda,bool,stub,stub,,
vsa,cuda,c64,stub,stub,,
vsa,cuda,c128,stub,stub,,
vsa,xla,f64,lower,implemented,,
vsa,xla,f32,lower,implemented,,
vsa,xla,f16,lower,implemented,,
vsa,xla,bf16,lower,implemented,,
vsa,xla,fp8e4m3,lower,implemented,,
vsa,xla,fp8e5m2,lower,implemented,,
vsa,xla,i64,lower,implemented,,
vsa,xla,i32,lower,implemented,,
vsa,xla,i16,lower,implemented,,
vsa,xla,i8,lower,implemented,,
vsa,xla,i4,missing,missing,n/a,MapDType rejects dtype
vsa,xla,u64,lower,implemented,,
vsa,xla,u32,lower,implemented,,
vsa,xla,u16,lower,implemented,,
vsa,xla,u8,lower,implemented,,
vsa,xla,bool,lower,implemented,,
vsa,xla,c64,missing,missing,n/a,MapDType rejects dtype
vsa,xla,c128,missing,missing,n/a,MapDType rejects dtype
active_inference,cpu,f64,panic,panic,,
active_inference,cpu,f32,native,implemented,,
active_inference,cpu,f16,native,implemented,,
active_inference,cpu,bf16,native,implemented,,
active_inference,cpu,fp8e4m3,panic,panic,,
active_inference,cpu,fp8e5m2,panic,panic,,
active_inference,cpu,i64,missing,missing,n/a,
active_inference,cpu,i32,missing,missing,n/a,
active_inference,cpu,i16,missing,missing,n/a,
active_inference,cpu,i8,missing,missing,n/a,
active_inference,cpu,i4,missing,missing,n/a,
active_inference,cpu,u64,missing,missing,n/a,
active_inference,cpu,u32,missing,missing,n/a,
active_inference,cpu,u16,missing,missing,n/a,
active_inference,cpu,u8,missing,missing,n/a,
active_inference,cpu,bool,missing,missing,n/a,
active_inference,cpu,c64,missing,missing,n/a,
active_inference,cpu,c128,missing,missing,n/a,
active_inference,metal,f64,unavailable,host_unwired,,
active_inference,metal,f32,native,implemented,,
active_inference,metal,f16,native,implemented,,
active_inference,metal,bf16,native,implemented,,
active_inference,metal,fp8e4m3,unavailable,host_unwired,,
active_inference,metal,fp8e5m2,unavailable,host_unwired,,
active_inference,metal,i64,unavailable,host_unwired,,
active_inference,metal,i32,unavailable,host_unwired,,
active_inference,metal,i16,unavailable,host_unwired,,
active_inference,metal,i8,unavailable,host_unwired,,
active_inference,metal,i4,unavailable,host_unwired,,
active_inference,metal,u64,unavailable,host_unwired,,
active_inference,metal,u32,unavailable,host_unwired,,
active_inference,metal,u16,unavailable,host_unwired,,
active_inference,metal,u8,unavailable,host_unwired,,
active_inference,metal,bool,unavailable,host_unwired,,
active_inference,metal,c64,unavailable,host_unwired,,
active_inference,metal,c128,unavailable,host_unwired,,
active_inference,cuda,f64,stub,stub,,
active_inference,cuda,f32,native,implemented,,
active_inference,cuda,f16,native,implemented,,
active_inference,cuda,bf16,native,implemented,,
active_inference,cuda,fp8e4m3,stub,stub,,
active_inference,cuda,fp8e5m2,stub,stub,,
active_inference,cuda,i64,stub,stub,,
active_inference,cuda,i32,stub,stub,,
active_inference,cuda,i16,stub,stub,,
active_inference,cuda,i8,stub,stub,,
active_inference,cuda,i4,stub,stub,,
active_inference,cuda,u64,stub,stub,,
active_inference,cuda,u32,stub,stub,,
active_inference,cuda,u16,stub,stub,,
active_inference,cuda,u8,stub,stub,,
active_inference,cuda,bool,stub,stub,,
active_inference,cuda,c64,stub,stub,,
active_inference,cuda,c128,stub,stub,,
active_inference,xla,f64,lower,implemented,,
active_inference,xla,f32,lower,implemented,,
active_inference,xla,f16,lower,implemented,,
active_inference,xla,bf16,lower,implemented,,
active_inference,xla,fp8e4m3,lower,implemented,,
active_inference,xla,fp8e5m2,lower,implemented,,
active_inference,xla,i64,lower,implemented,,
active_inference,xla,i32,lower,implemented,,
active_inference,xla,i16,lower,implemented,,
active_inference,xla,i8,lower,implemented,,
active_inference,xla,i4,missing,missing,n/a,MapDType rejects dtype
active_inference,xla,u64,lower,implemented,,
active_inference,xla,u32,lower,implemented,,
active_inference,xla,u16,lower,implemented,,
active_inference,xla,u8,lower,implemented,,
active_inference,xla,bool,lower,implemented,,
active_inference,xla,c64,missing,missing,n/a,MapDType rejects dtype
active_inference,xla,c128,missing,missing,n/a,MapDType rejects dtype
predictive_coding,cpu,f64,panic,panic,,
predictive_coding,cpu,f32,native,implemented,,
predictive_coding,cpu,f16,native,implemented,,
predictive_coding,cpu,bf16,native,implemented,,
predictive_coding,cpu,fp8e4m3,panic,panic,,
predictive_coding,cpu,fp8e5m2,panic,panic,,
predictive_coding,cpu,i64,missing,missing,n/a,
predictive_coding,cpu,i32,missing,missing,n/a,
predictive_coding,cpu,i16,missing,missing,n/a,
predictive_coding,cpu,i8,missing,missing,n/a,
predictive_coding,cpu,i4,missing,missing,n/a,
predictive_coding,cpu,u64,missing,missing,n/a,
predictive_coding,cpu,u32,missing,missing,n/a,
predictive_coding,cpu,u16,missing,missing,n/a,
predictive_coding,cpu,u8,missing,missing,n/a,
predictive_coding,cpu,bool,missing,missing,n/a,
predictive_coding,cpu,c64,missing,missing,n/a,
predictive_coding,cpu,c128,missing,missing,n/a,
predictive_coding,metal,f64,unavailable,host_unwired,,
predictive_coding,metal,f32,shader,shader_only,,
predictive_coding,metal,f16,native,implemented,,
predictive_coding,metal,bf16,native,implemented,,
predictive_coding,metal,fp8e4m3,unavailable,host_unwired,,
predictive_coding,metal,fp8e5m2,unavailable,host_unwired,,
predictive_coding,metal,i64,unavailable,host_unwired,,
predictive_coding,metal,i32,unavailable,host_unwired,,
predictive_coding,metal,i16,unavailable,host_unwired,,
predictive_coding,metal,i8,unavailable,host_unwired,,
predictive_coding,metal,i4,unavailable,host_unwired,,
predictive_coding,metal,u64,unavailable,host_unwired,,
predictive_coding,metal,u32,unavailable,host_unwired,,
predictive_coding,metal,u16,unavailable,host_unwired,,
predictive_coding,metal,u8,unavailable,host_unwired,,
predictive_coding,metal,bool,unavailable,host_unwired,,
predictive_coding,metal,c64,unavailable,host_unwired,,
predictive_coding,metal,c128,unavailable,host_unwired,,
predictive_coding,cuda,f64,stub,stub,,
predictive_coding,cuda,f32,native,implemented,,
predictive_coding,cuda,f16,native,implemented,,
predictive_coding,cuda,bf16,native,implemented,,
predictive_coding,cuda,fp8e4m3,stub,stub,,
predictive_coding,cuda,fp8e5m2,stub,stub,,
predictive_coding,cuda,i64,stub,stub,,
predictive_coding,cuda,i32,stub,stub,,
predictive_coding,cuda,i16,stub,stub,,
predictive_coding,cuda,i8,stub,stub,,
predictive_coding,cuda,i4,stub,stub,,
predictive_coding,cuda,u64,stub,stub,,
predictive_coding,cuda,u32,stub,stub,,
predictive_coding,cuda,u16,stub,stub,,
predictive_coding,cuda,u8,stub,stub,,
predictive_coding,cuda,bool,stub,stub,,
predictive_coding,cuda,c64,stub,stub,,
predictive_coding,cuda,c128,stub,stub,,
predictive_coding,xla,f64,lower,implemented,,
predictive_coding,xla,f32,lower,implemented,,
predictive_coding,xla,f16,lower,implemented,,
predictive_coding,xla,bf16,lower,implemented,,
predictive_coding,xla,fp8e4m3,lower,implemented,,
predictive_coding,xla,fp8e5m2,lower,implemented,,
predictive_coding,xla,i64,lower,implemented,,
predictive_coding,xla,i32,lower,implemented,,
predictive_coding,xla,i16,lower,implemented,,
predictive_coding,xla,i8,lower,implemented,,
predictive_coding,xla,i4,missing,missing,n/a,MapDType rejects dtype
predictive_coding,xla,u64,lower,implemented,,
predictive_coding,xla,u32,lower,implemented,,
predictive_coding,xla,u16,lower,implemented,,
predictive_coding,xla,u8,lower,implemented,,
predictive_coding,xla,bool,lower,implemented,,
predictive_coding,xla,c64,missing,missing,n/a,MapDType rejects dtype
predictive_coding,xla,c128,missing,missing,n/a,MapDType rejects dtype
dequant,cpu,f64,panic,panic,,
dequant,cpu,f32,native,implemented,,
dequant,cpu,f16,native,implemented,,
dequant,cpu,bf16,native,implemented,,
dequant,cpu,fp8e4m3,panic,panic,,
dequant,cpu,fp8e5m2,panic,panic,,
dequant,cpu,i64,missing,missing,n/a,
dequant,cpu,i32,missing,missing,n/a,
dequant,cpu,i16,missing,missing,n/a,
dequant,cpu,i8,missing,missing,n/a,
dequant,cpu,i4,missing,missing,n/a,
dequant,cpu,u64,missing,missing,n/a,
dequant,cpu,u32,missing,missing,n/a,
dequant,cpu,u16,missing,missing,n/a,
dequant,cpu,u8,missing,missing,n/a,
dequant,cpu,bool,missing,missing,n/a,
dequant,cpu,c64,missing,missing,n/a,
dequant,cpu,c128,missing,missing,n/a,
dequant,metal,f64,unavailable,host_unwired,,
dequant,metal,f32,native,implemented,,
dequant,metal,f16,native,implemented,,
dequant,metal,bf16,native,implemented,,
dequant,metal,fp8e4m3,unavailable,host_unwired,,
dequant,metal,fp8e5m2,unavailable,host_unwired,,
dequant,metal,i64,unavailable,host_unwired,,
dequant,metal,i32,unavailable,host_unwired,,
dequant,metal,i16,unavailable,host_unwired,,
dequant,metal,i8,unavailable,host_unwired,,
dequant,metal,i4,unavailable,host_unwired,,
dequant,metal,u64,unavailable,host_unwired,,
dequant,metal,u32,unavailable,host_unwired,,
dequant,metal,u16,unavailable,host_unwired,,
dequant,metal,u8,unavailable,host_unwired,,
dequant,metal,bool,unavailable,host_unwired,,
dequant,metal,c64,unavailable,host_unwired,,
dequant,metal,c128,unavailable,host_unwired,,
dequant,cuda,f64,stub,stub,,
dequant,cuda,f32,native,implemented,,
dequant,cuda,f16,native,implemented,,
dequant,cuda,bf16,native,implemented,,
dequant,cuda,fp8e4m3,stub,stub,,
dequant,cuda,fp8e5m2,stub,stub,,
dequant,cuda,i64,stub,stub,,
dequant,cuda,i32,stub,stub,,
dequant,cuda,i16,stub,stub,,
dequant,cuda,i8,stub,stub,,
dequant,cuda,i4,stub,stub,,
dequant,cuda,u64,stub,stub,,
dequant,cuda,u32,stub,stub,,
dequant,cuda,u16,stub,stub,,
dequant,cuda,u8,stub,stub,,
dequant,cuda,bool,stub,stub,,
dequant,cuda,c64,stub,stub,,
dequant,cuda,c128,stub,stub,,
dequant,xla,f64,lower,implemented,,
dequant,xla,f32,lower,implemented,,
dequant,xla,f16,lower,implemented,,
dequant,xla,bf16,lower,implemented,,
dequant,xla,fp8e4m3,lower,implemented,,
dequant,xla,fp8e5m2,lower,implemented,,
dequant,xla,i64,lower,implemented,,
dequant,xla,i32,lower,implemented,,
dequant,xla,i16,lower,implemented,,
dequant,xla,i8,lower,implemented,,
dequant,xla,i4,missing,missing,n/a,MapDType rejects dtype
dequant,xla,u64,lower,implemented,,
dequant,xla,u32,lower,implemented,,
dequant,xla,u16,lower,implemented,,
dequant,xla,u8,lower,implemented,,
dequant,xla,bool,lower,implemented,,
dequant,xla,c64,missing,missing,n/a,MapDType rejects dtype
dequant,xla,c128,missing,missing,n/a,MapDType rejects dtype
quant,cpu,f64,panic,panic,,
quant,cpu,f32,native,implemented,,
quant,cpu,f16,native,implemented,,
quant,cpu,bf16,native,implemented,,
quant,cpu,fp8e4m3,panic,panic,,
quant,cpu,fp8e5m2,panic,panic,,
quant,cpu,i64,missing,missing,n/a,
quant,cpu,i32,missing,missing,n/a,
quant,cpu,i16,missing,missing,n/a,
quant,cpu,i8,missing,missing,n/a,
quant,cpu,i4,missing,missing,n/a,
quant,cpu,u64,missing,missing,n/a,
quant,cpu,u32,missing,missing,n/a,
quant,cpu,u16,missing,missing,n/a,
quant,cpu,u8,missing,missing,n/a,
quant,cpu,bool,missing,missing,n/a,
quant,cpu,c64,missing,missing,n/a,
quant,cpu,c128,missing,missing,n/a,
quant,metal,f64,unavailable,host_unwired,,
quant,metal,f32,native,implemented,,
quant,metal,f16,native,implemented,,
quant,metal,bf16,native,implemented,,
quant,metal,fp8e4m3,unavailable,host_unwired,,
quant,metal,fp8e5m2,unavailable,host_unwired,,
quant,metal,i64,unavailable,host_unwired,,
quant,metal,i32,unavailable,host_unwired,,
quant,metal,i16,unavailable,host_unwired,,
quant,metal,i8,unavailable,host_unwired,,
quant,metal,i4,unavailable,host_unwired,,
quant,metal,u64,unavailable,host_unwired,,
quant,metal,u32,unavailable,host_unwired,,
quant,metal,u16,unavailable,host_unwired,,
quant,metal,u8,unavailable,host_unwired,,
quant,metal,bool,unavailable,host_unwired,,
quant,metal,c64,unavailable,host_unwired,,
quant,metal,c128,unavailable,host_unwired,,
quant,cuda,f64,stub,stub,,
quant,cuda,f32,native,implemented,,
quant,cuda,f16,native,implemented,,
quant,cuda,bf16,native,implemented,,
quant,cuda,fp8e4m3,stub,stub,,
quant,cuda,fp8e5m2,stub,stub,,
quant,cuda,i64,stub,stub,,
quant,cuda,i32,stub,stub,,
quant,cuda,i16,stub,stub,,
quant,cuda,i8,stub,stub,,
quant,cuda,i4,stub,stub,,
quant,cuda,u64,stub,stub,,
quant,cuda,u32,stub,stub,,
quant,cuda,u16,stub,stub,,
quant,cuda,u8,stub,stub,,
quant,cuda,bool,stub,stub,,
quant,cuda,c64,stub,stub,,
quant,cuda,c128,stub,stub,,
quant,xla,f64,lower,implemented,,
quant,xla,f32,lower,implemented,,
quant,xla,f16,lower,implemented,,
quant,xla,bf16,lower,implemented,,
quant,xla,fp8e4m3,lower,implemented,,
quant,xla,fp8e5m2,lower,implemented,,
quant,xla,i64,lower,implemented,,
quant,xla,i32,lower,implemented,,
quant,xla,i16,lower,implemented,,
quant,xla,i8,lower,implemented,,
quant,xla,i4,missing,missing,n/a,MapDType rejects dtype
quant,xla,u64,lower,implemented,,
quant,xla,u32,lower,implemented,,
quant,xla,u16,lower,implemented,,
quant,xla,u8,lower,implemented,,
quant,xla,bool,lower,implemented,,
quant,xla,c64,missing,missing,n/a,MapDType rejects dtype
quant,xla,c128,missing,missing,n/a,MapDType rejects dtype
